{
  "configVersion": 1,
  "timestamp": 1649605684868,
  "index": "/web/index.html",
  "assetGroups": [
    {
      "name": "app",
      "installMode": "prefetch",
      "updateMode": "prefetch",
      "cacheQueryOptions": {
        "ignoreVary": true
      },
      "urls": [
        "/web/favicon.ico",
        "/web/index.html",
        "/web/main.65ec242d63cc665f.js",
        "/web/manifest.webmanifest",
        "/web/polyfills.ad739686baaaa837.js",
        "/web/runtime.0571185342b738d7.js",
        "/web/styles.b11d37584dd0e042.css"
      ],
      "patterns": []
    },
    {
      "name": "assets",
      "installMode": "lazy",
      "updateMode": "prefetch",
      "cacheQueryOptions": {
        "ignoreVary": true
      },
      "urls": [
        "/web/assets/icons/icon-128x128.png",
        "/web/assets/icons/icon-144x144.png",
        "/web/assets/icons/icon-152x152.png",
        "/web/assets/icons/icon-192x192.png",
        "/web/assets/icons/icon-384x384.png",
        "/web/assets/icons/icon-512x512.png",
        "/web/assets/icons/icon-72x72.png",
        "/web/assets/icons/icon-96x96.png"
      ],
      "patterns": []
    }
  ],
  "dataGroups": [],
  "hashTable": {
    "/web/assets/icons/icon-128x128.png": "dae3b6ed49bdaf4327b92531d4b5b4a5d30c7532",
    "/web/assets/icons/icon-144x144.png": "b0bd89982e08f9bd2b642928f5391915b74799a7",
    "/web/assets/icons/icon-152x152.png": "7479a9477815dfd9668d60f8b3b2fba709b91310",
    "/web/assets/icons/icon-192x192.png": "1abd80d431a237a853ce38147d8c63752f10933b",
    "/web/assets/icons/icon-384x384.png": "329749cd6393768d3131ed6304c136b1ca05f2fd",
    "/web/assets/icons/icon-512x512.png": "559d9c4318b45a1f2b10596bbb4c960fe521dbcc",
    "/web/assets/icons/icon-72x72.png": "c457e56089a36952cd67156f9996bc4ce54a5ed9",
    "/web/assets/icons/icon-96x96.png": "3914125a4b445bf111c5627875fc190f560daa41",
    "/web/favicon.ico": "22f6a4a3bcaafafb0254e0f2fa4ceb89e505e8b2",
    "/web/index.html": "a57f8ee89d13b0df3390bf2b3efeda06c1719640",
    "/web/main.65ec242d63cc665f.js": "d86bc50100b977204be54ce1c0b7620f28770f79",
    "/web/manifest.webmanifest": "9aa9638e4a3977e317b07624a33eda6047c33c65",
    "/web/polyfills.ad739686baaaa837.js": "820845faba81ddf19401798d8a763ab172d77663",
    "/web/runtime.0571185342b738d7.js": "f288a4f103f47112fd84f34e82cfe379cd37474c",
    "/web/styles.b11d37584dd0e042.css": "697b7a1ff3b9f6639a9767dff29afe863f99345d"
  },
  "navigationUrls": [
    {
      "positive": true,
      "regex": "^\\/.*$"
    },
    {
      "positive": false,
      "regex": "^\\/(?:.+\\/)?[^/]*\\.[^/]*$"
    },
    {
      "positive": false,
      "regex": "^\\/(?:.+\\/)?[^/]*__[^/]*$"
    },
    {
      "positive": false,
      "regex": "^\\/(?:.+\\/)?[^/]*__[^/]*\\/.*$"
    }
  ],
  "navigationRequestStrategy": "performance"
}